{
    "facebook": "<li data-id=\"facebook\"><span class=\"a2a_s_facebook\" style=\"background-color:#3B5998\"></span>Facebook</li>",
    "facebook_messenger": "<li data-id=\"facebook_messenger\"><span class=\"a2a_s_facebook_messenger\" style=\"background-color:#0084FF\"></span>Facebook Messenger</li>",
    "twitter": "<li data-id=\"twitter\"><span class=\"a2a_s_twitter\" style=\"background-color:#55ACEE\"></span>Twitter</li>",
    "pinterest": "<li data-id=\"pinterest\"><span class=\"a2a_s_pinterest\" style=\"background-color:#BD081C\"></span>Pinterest</li>",
    "email": "<li data-id=\"email\"><span class=\"a2a_s_email\" style=\"background-color:#0166FF\"></span>Email</li>",
    "linkedin": "<li data-id=\"linkedin\"><span class=\"a2a_s_linkedin\" style=\"background-color:#007BB5\"></span>LinkedIn</li>",
    "reddit": "<li data-id=\"reddit\"><span class=\"a2a_s_reddit\" style=\"background-color:#ff4500\"></span>Reddit</li>",
    "tumblr": "<li data-id=\"tumblr\"><span class=\"a2a_s_tumblr\" style=\"background-color:#35465C\"></span>Tumblr</li>",
    "wordpress": "<li data-id=\"wordpress\"><span class=\"a2a_s_wordpress\" style=\"background-color:#464646\"></span>WordPress</li>",
    "google_gmail": "<li data-id=\"google_gmail\"><span class=\"a2a_s_gmail\" style=\"background-color:#DD5347\"></span>Google Gmail</li>",
    "stumbleupon": "<li data-id=\"stumbleupon\"><span class=\"a2a_s_stumbleupon\" style=\"background-color:#EF4E23\"></span>StumbleUpon</li>",
    "amazon_wish_list": "<li data-id=\"amazon_wish_list\"><span class=\"a2a_s_amazon\" style=\"background-color:#F90\"></span>Amazon Wish List</li>",
    "aol_mail": "<li data-id=\"aol_mail\"><span class=\"a2a_s_aol\" style=\"background-color:#2A2A2A\"></span>AOL Mail</li>",
    "balatarin": "<li data-id=\"balatarin\"><span class=\"a2a_s_balatarin\" style=\"background-color:#079948\"></span>Balatarin</li>",
    "bibsonomy": "<li data-id=\"bibsonomy\"><span class=\"a2a_s_bibsonomy\" style=\"background-color:#2A2A2A\"></span>BibSonomy</li>",
    "bitty_browser": "<li data-id=\"bitty_browser\"><span class=\"a2a_s_bitty\" style=\"background-color:#999\"></span>Bitty Browser</li>",
    "blinklist": "<li data-id=\"blinklist\"><span class=\"a2a_s_blinklist\" style=\"background-color:#3D3C3B\"></span>Blinklist</li>",
    "blogger": "<li data-id=\"blogger\"><span class=\"a2a_s_blogger\" style=\"background-color:#FDA352\"></span>Blogger</li>",
    "blogmarks": "<li data-id=\"blogmarks\"><span class=\"a2a_s_blogmarks\" style=\"background-color:#535353\"></span>BlogMarks</li>",
    "bookmarks_fr": "<li data-id=\"bookmarks_fr\"><span class=\"a2a_s_bookmarks_fr\" style=\"background-color:#96C044\"></span>Bookmarks.fr</li>",
    "box_net": "<li data-id=\"box_net\"><span class=\"a2a_s_box\" style=\"background-color:#1A74B0\"></span>Box.net</li>",
    "buffer": "<li data-id=\"buffer\"><span class=\"a2a_s_buffer\" style=\"background-color:#2A2A2A\"></span>Buffer</li>",
    "care2_news": "<li data-id=\"care2_news\"><span class=\"a2a_s_care2\" style=\"background-color:#6EB43F\"></span>Care2 News</li>",
    "citeulike": "<li data-id=\"citeulike\"><span class=\"a2a_s_citeulike\" style=\"background-color:#2781CD\"></span>CiteULike</li>",
    "copy_link": "<li data-id=\"copy_link\"><span class=\"a2a_s_link\" style=\"background-color:#0166FF\"></span>Copy Link</li>",
    "delicious": "<li data-id=\"delicious\"><span class=\"a2a_s_delicious\" style=\"background-color:#39F\"></span>Delicious</li>",
    "design_float": "<li data-id=\"design_float\"><span class=\"a2a_s_designfloat\" style=\"background-color:#8AC8FF\"></span>Design Float</li>",
    "diary_ru": "<li data-id=\"diary_ru\"><span class=\"a2a_s_diary_ru\" style=\"background-color:#912D31\"></span>Diary.Ru</li>",
    "diaspora": "<li data-id=\"diaspora\"><span class=\"a2a_s_diaspora\" style=\"background-color:#2E3436\"></span>Diaspora</li>",
    "digg": "<li data-id=\"digg\"><span class=\"a2a_s_digg\" style=\"background-color:#2A2A2A\"></span>Digg</li>",
    "diigo": "<li data-id=\"diigo\"><span class=\"a2a_s_diigo\" style=\"background-color:#4A8BCA\"></span>Diigo</li>",
    "douban": "<li data-id=\"douban\"><span class=\"a2a_s_douban\" style=\"background-color:#071\"></span>Douban</li>",
    "draugiem": "<li data-id=\"draugiem\"><span class=\"a2a_s_draugiem\" style=\"background-color:#F60\"></span>Draugiem</li>",
    "dzone": "<li data-id=\"dzone\"><span class=\"a2a_s_dzone\" style=\"background-color:#82C251\"></span>DZone</li>",
    "evernote": "<li data-id=\"evernote\"><span class=\"a2a_s_evernote\" style=\"background-color:#8BE056\"></span>Evernote</li>",
    "fark": "<li data-id=\"fark\"><span class=\"a2a_s_fark\" style=\"background-color:#555\"></span>Fark</li>",
    "flipboard": "<li data-id=\"flipboard\"><span class=\"a2a_s_flipboard\" style=\"background-color:#C00\"></span>Flipboard</li>",
    "folkd": "<li data-id=\"folkd\"><span class=\"a2a_s_folkd\" style=\"background-color:#0F70B2\"></span>Folkd</li>",
    "google_bookmarks": "<li data-id=\"google_bookmarks\"><span class=\"a2a_s_google\" style=\"background-color:#4285F4\"></span>Google Bookmarks</li>",
    "google_classroom": "<li data-id=\"google_classroom\"><span class=\"a2a_s_google_classroom\" style=\"background-color:#FFC112\"></span>Google Classroom</li>",
    "hacker_news": "<li data-id=\"hacker_news\"><span class=\"a2a_s_y18\" style=\"background-color:#F60\"></span>Hacker News</li>",
    "hatena": "<li data-id=\"hatena\"><span class=\"a2a_s_hatena\" style=\"background-color:#00A6DB\"></span>Hatena</li>",
    "houzz": "<li data-id=\"houzz\"><span class=\"a2a_s_houzz\" style=\"background-color:#7AC143\"></span>Houzz</li>",
    "instapaper": "<li data-id=\"instapaper\"><span class=\"a2a_s_instapaper\" style=\"background-color:#2A2A2A\"></span>Instapaper</li>",
    "kakao": "<li data-id=\"kakao\"><span class=\"a2a_s_kakao\" style=\"background-color:#FCB700\"></span>Kakao</li>",
    "kik": "<li data-id=\"kik\"><span class=\"a2a_s_kik\" style=\"background-color:#2A2A2A\"></span>Kik</li>",
    "kindle_it": "<li data-id=\"kindle_it\"><span class=\"a2a_s_kindle\" style=\"background-color:#2A2A2A\"></span>Kindle It</li>",
    "known": "<li data-id=\"known\"><span class=\"a2a_s_known\" style=\"background-color:#2A2A2A\"></span>Known</li>",
    "line": "<li data-id=\"line\"><span class=\"a2a_s_line\" style=\"background-color:#00C300\"></span>Line</li>",
    "livejournal": "<li data-id=\"livejournal\"><span class=\"a2a_s_livejournal\" style=\"background-color:#113140\"></span>LiveJournal</li>",
    "mail_ru": "<li data-id=\"mail_ru\"><span class=\"a2a_s_mail_ru\" style=\"background-color:#356FAC\"></span>Mail.Ru</li>",
    "mendeley": "<li data-id=\"mendeley\"><span class=\"a2a_s_mendeley\" style=\"background-color:#A70805\"></span>Mendeley</li>",
    "meneame": "<li data-id=\"meneame\"><span class=\"a2a_s_meneame\" style=\"background-color:#FF7D12\"></span>Meneame</li>",
    "mixi": "<li data-id=\"mixi\"><span class=\"a2a_s_mixi\" style=\"background-color:#D1AD5A\"></span>Mixi</li>",
    "myspace": "<li data-id=\"myspace\"><span class=\"a2a_s_myspace\" style=\"background-color:#2A2A2A\"></span>MySpace</li>",
    "netvouz": "<li data-id=\"netvouz\"><span class=\"a2a_s_netvouz\" style=\"background-color:#6C3\"></span>Netvouz</li>",
    "odnoklassniki": "<li data-id=\"odnoklassniki\"><span class=\"a2a_s_odnoklassniki\" style=\"background-color:#F2720C\"></span>Odnoklassniki</li>",
    "oknotizie": "<li data-id=\"oknotizie\"><span class=\"a2a_s_oknotizie\" style=\"background-color:#88D32D\"></span>Oknotizie</li>",
    "outlook_com": "<li data-id=\"outlook_com\"><span class=\"a2a_s_outlook_com\" style=\"background-color:#0072C6\"></span>Outlook.com</li>",
    "papaly": "<li data-id=\"papaly\"><span class=\"a2a_s_papaly\" style=\"background-color:#3AC0F6\"></span>Papaly</li>",
    "pinboard": "<li data-id=\"pinboard\"><span class=\"a2a_s_pinboard\" style=\"background-color:#1341DE\"></span>Pinboard</li>",
    "plurk": "<li data-id=\"plurk\"><span class=\"a2a_s_plurk\" style=\"background-color:#CF682F\"></span>Plurk</li>",
    "pocket": "<li data-id=\"pocket\"><span class=\"a2a_s_pocket\" style=\"background-color:#EE4056\"></span>Pocket</li>",
    "polyvore": "<li data-id=\"polyvore\"><span class=\"a2a_s_polyvore\" style=\"background-color:#2A2A2A\"></span>Polyvore</li>",
    "print": "<li data-id=\"print\"><span class=\"a2a_s_print\" style=\"background-color:#0166FF\"></span>Print</li>",
    "printfriendly": "<li data-id=\"printfriendly\"><span class=\"a2a_s_printfriendly\" style=\"background-color:#6D9F00\"></span>PrintFriendly</li>",
    "protopage_bookmarks": "<li data-id=\"protopage_bookmarks\"><span class=\"a2a_s_protopage\" style=\"background-color:#413FFF\"></span>Protopage Bookmarks</li>",
    "pusha": "<li data-id=\"pusha\"><span class=\"a2a_s_pusha\" style=\"background-color:#0072B8\"></span>Pusha</li>",
    "qzone": "<li data-id=\"qzone\"><span class=\"a2a_s_qzone\" style=\"background-color:#2B82D9\"></span>Qzone</li>",
    "rediff": "<li data-id=\"rediff\"><span class=\"a2a_s_rediff\" style=\"background-color:#D20000\"></span>Rediff MyPage</li>",
    "refind": "<li data-id=\"refind\"><span class=\"a2a_s_refind\" style=\"background-color:#1492ef\"></span>Refind</li>",
    "renren": "<li data-id=\"renren\"><span class=\"a2a_s_renren\" style=\"background-color:#005EAC\"></span>Renren</li>",
    "sina_weibo": "<li data-id=\"sina_weibo\"><span class=\"a2a_s_sina_weibo\" style=\"background-color:#E6162D\"></span>Sina Weibo</li>",
    "sitejot": "<li data-id=\"sitejot\"><span class=\"a2a_s_sitejot\" style=\"background-color:#FFC808\"></span>SiteJot</li>",
    "skype": "<li data-id=\"skype\"><span class=\"a2a_s_skype\" style=\"background-color:#00AFF0\"></span>Skype</li>",
    "slashdot": "<li data-id=\"slashdot\"><span class=\"a2a_s_slashdot\" style=\"background-color:#004242\"></span>Slashdot</li>",
    "sms": "<li data-id=\"sms\"><span class=\"a2a_s_sms\" style=\"background-color:#6CBE45\"></span>SMS</li>",
    "stocktwits": "<li data-id=\"stocktwits\"><span class=\"a2a_s_stocktwits\" style=\"background-color:#40576F\"></span>StockTwits</li>",
    "svejo": "<li data-id=\"svejo\"><span class=\"a2a_s_svejo\" style=\"background-color:#5BD428\"></span>Svejo</li>",
    "symbaloo_feeds": "<li data-id=\"symbaloo_feeds\"><span class=\"a2a_s_symbaloo\" style=\"background-color:#6DA8F7\"></span>Symbaloo Feeds</li>",
    "telegram": "<li data-id=\"telegram\"><span class=\"a2a_s_telegram\" style=\"background-color:#2CA5E0\"></span>Telegram</li>",
    "threema": "<li data-id=\"threema\"><span class=\"a2a_s_threema\" style=\"background-color:#2A2A2A\"></span>Threema</li>",
    "trello": "<li data-id=\"trello\"><span class=\"a2a_s_trello\" style=\"background-color:#0079BF\"></span>Trello</li>",
    "tuenti": "<li data-id=\"tuenti\"><span class=\"a2a_s_tuenti\" style=\"background-color:#0075C9\"></span>Tuenti</li>",
    "twiddla": "<li data-id=\"twiddla\"><span class=\"a2a_s_twiddla\" style=\"background-color:#2A2A2A\"></span>Twiddla</li>",
    "typepad_post": "<li data-id=\"typepad_post\"><span class=\"a2a_s_typepad\" style=\"background-color:#D2DE61\"></span>TypePad Post</li>",
    "viadeo": "<li data-id=\"viadeo\"><span class=\"a2a_s_viadeo\" style=\"background-color:#2A2A2A\"></span>Viadeo</li>",
    "viber": "<li data-id=\"viber\"><span class=\"a2a_s_viber\" style=\"background-color:#7C529E\"></span>Viber</li>",
    "vk": "<li data-id=\"vk\"><span class=\"a2a_s_vk\" style=\"background-color:#587EA3\"></span>VK</li>",
    "wanelo": "<li data-id=\"wanelo\"><span class=\"a2a_s_wanelo\" style=\"background-color:#9cb092\"></span>Wanelo</li>",
    "wechat": "<li data-id=\"wechat\"><span class=\"a2a_s_wechat\" style=\"background-color:#7BB32E\"></span>WeChat</li>",
    "wykop": "<li data-id=\"wykop\"><span class=\"a2a_s_wykop\" style=\"background-color:#367DA9\"></span>Wykop</li>",
    "xing": "<li data-id=\"xing\"><span class=\"a2a_s_xing\" style=\"background-color:#165B66\"></span>XING</li>",
    "yahoo_bookmarks": "<li data-id=\"yahoo_bookmarks\"><span class=\"a2a_s_yahoo\" style=\"background-color:#400090\"></span>Yahoo Bookmarks</li>",
    "yahoo_mail": "<li data-id=\"yahoo_mail\"><span class=\"a2a_s_yahoo\" style=\"background-color:#400090\"></span>Yahoo Mail</li>",
    "yahoo_messenger": "<li data-id=\"yahoo_messenger\"><span class=\"a2a_s_yim\" style=\"background-color:#400090\"></span>Yahoo Messenger</li>",
    "yoolink": "<li data-id=\"yoolink\"><span class=\"a2a_s_yoolink\" style=\"background-color:#A2C538\"></span>Yoolink</li>",
    "yummly": "<li data-id=\"yummly\"><span class=\"a2a_s_yummly\" style=\"background-color:#E16120\"></span>Yummly</li>",
    "whatsapp": "<li data-id=\"whatsapp\"><span class=\"a2a_s_whatsapp\" style=\"background-color:#12AF0A\"></span>WhatsApp</li>"
}