{
    "facebook": "background-color:#3B5998",
    "facebook_messenger": "background-color:#0084FF",
    "twitter": "background-color:#55ACEE",
    "pinterest": "background-color:#BD081C",
    "email": "background-color:#0166FF",
    "linkedin": "background-color:#007BB5",
    "reddit": "background-color:#ff4500",
    "tumblr": "background-color:#35465C",
    "wordpress": "background-color:#464646",
    "google_gmail": "background-color:#DD5347",
    "stumbleupon": "background-color:#EF4E23",
    "amazon_wish_list": "background-color:#F90",
    "aol_mail": "background-color:#2A2A2A",
    "balatarin": "background-color:#079948",
    "bibsonomy": "background-color:#2A2A2A",
    "bitty_browser": "background-color:#999",
    "blinklist": "background-color:#3D3C3B",
    "blogger": "background-color:#FDA352",
    "blogmarks": "background-color:#535353",
    "bookmarks_fr": "background-color:#96C044",
    "box_net": "background-color:#1A74B0",
    "buffer": "background-color:#2A2A2A",
    "care2_news": "background-color:#6EB43F",
    "citeulike": "background-color:#2781CD",
    "copy_link": "background-color:#0166FF",
    "delicious": "background-color:#39F",
    "design_float": "background-color:#8AC8FF",
    "diary_ru": "background-color:#912D31",
    "diaspora": "background-color:#2E3436",
    "digg": "background-color:#2A2A2A",
    "diigo": "background-color:#4A8BCA",
    "douban": "background-color:#071",
    "draugiem": "background-color:#F60",
    "dzone": "background-color:#82C251",
    "evernote": "background-color:#8BE056",
    "fark": "background-color:#555",
    "flipboard": "background-color:#C00",
    "folkd": "background-color:#0F70B2",
    "google_bookmarks": "background-color:#4285F4",
    "google_classroom": "background-color:#FFC112",
    "hacker_news": "background-color:#F60",
    "hatena": "background-color:#00A6DB",
    "houzz": "background-color:#7AC143",
    "instapaper": "background-color:#2A2A2A",
    "kakao": "background-color:#FCB700",
    "kik": "background-color:#2A2A2A",
    "kindle_it": "background-color:#2A2A2A",
    "known": "background-color:#2A2A2A",
    "line": "background-color:#00C300",
    "livejournal": "background-color:#113140",
    "mail_ru": "background-color:#356FAC",
    "mendeley": "background-color:#A70805",
    "meneame": "background-color:#FF7D12",
    "mixi": "background-color:#D1AD5A",
    "myspace": "background-color:#2A2A2A",
    "netvouz": "background-color:#6C3",
    "odnoklassniki": "background-color:#F2720C",
    "oknotizie": "background-color:#88D32D",
    "outlook_com": "background-color:#0072C6",
    "papaly": "background-color:#3AC0F6",
    "pinboard": "background-color:#1341DE",
    "plurk": "background-color:#CF682F",
    "pocket": "background-color:#EE4056",
    "polyvore": "background-color:#2A2A2A",
    "print": "background-color:#0166FF",
    "printfriendly": "background-color:#6D9F00",
    "protopage_bookmarks": "background-color:#413FFF",
    "pusha": "background-color:#0072B8",
    "qzone": "background-color:#2B82D9",
    "rediff": "background-color:#D20000",
    "refind": "background-color:#1492ef",
    "renren": "background-color:#005EAC",
    "sina_weibo": "background-color:#E6162D",
    "sitejot": "background-color:#FFC808",
    "skype": "background-color:#00AFF0",
    "slashdot": "background-color:#004242",
    "sms": "background-color:#6CBE45",
    "stocktwits": "background-color:#40576F",
    "svejo": "background-color:#5BD428",
    "symbaloo_feeds": "background-color:#6DA8F7",
    "telegram": "background-color:#2CA5E0",
    "threema": "background-color:#2A2A2A",
    "trello": "background-color:#0079BF",
    "tuenti": "background-color:#0075C9",
    "twiddla": "background-color:#2A2A2A",
    "typepad_post": "background-color:#D2DE61",
    "viadeo": "background-color:#2A2A2A",
    "viber": "background-color:#7C529E",
    "vk": "background-color:#587EA3",
    "wanelo": "background-color:#9cb092",
    "wechat": "background-color:#7BB32E",
    "wykop": "background-color:#367DA9",
    "xing": "background-color:#165B66",
    "yahoo_bookmarks": "background-color:#400090",
    "yahoo_mail": "background-color:#400090",
    "yahoo_messenger": "background-color:#400090",
    "yoolink": "background-color:#A2C538",
    "yummly": "background-color:#E16120",
    "whatsapp": "background-color:#12AF0A"
}